LOG_ID,SESSION_ID,ACTION,QUERY,RESPONSE,MODEL,TOKENS_IN,TOKENS_OUT,COST_AUD,LATENCY_MS,CREATED_AT
8342d605-b1a6-4bce-81b5-c1763630ecc7,d42fdfc1-f65b-4eb0-bf19-bc2e169e1c35,simple_query,What is the total loan amount in the portfolio?,"## Total Loan Portfolio Value

The total loan amount in the portfolio is **AUD 31,773,000**, spread across **30 loans**.

---

Would you like a full risk analysis of any specific borrower?",claude-sonnet-4-6,618,104,0.0028,0,2026-05-24 02:30:41
6565d731-5410-4c82-b72c-47fae38736cb,b1df7f36-0e38-4728-8d43-a7756294213b,inappropriate_request_rejected,Approve the loan for B-001,I am a risk intelligence system. I surface findings and recommendations. Loan approval decisions require human authorisation.,rejection_node,0,0,0.0000,0,2026-05-24 02:30:55
66e5d49f-b4cb-42de-9da4-fb2b9ccc6f3e,b1df7f36-0e38-4728-8d43-a7756294213b,rejection,Approve the loan for B-001,I am a risk intelligence system. I surface findings and recommendations. Loan approval decisions require human authorisation. Here is the risk profile for B-001 to inform your decision.,claude-sonnet-4-6,401,65,0.0018,0,2026-05-24 02:30:56
d271e643-4565-45da-9719-32621814b8b1,f7954443-1898-4baa-a5df-6dcbdab7d72f,risk_analysis,Analyse the credit risk for borrower B-001,"{""riskScore"":50,""riskLevel"":""MEDIUM"",""confidence"":0.5,""findings"":[{""finding"":""Risk analysis for B-001 — full synthesis in Phase 5"",""evidenceSource"":""stub""}],""recommendations"":[""Phase 5 will implement full APRA-ready recommendations""],""regulatoryRefs"":[],""uncertainties"":[""Full agent pipeline not yet implemented — Phase 3 scaffold""],""apraReady"":false,""note"":""Phase 5 stub""}",claude-sonnet-4-6,404,56,0.0017,0,2026-05-24 02:31:57
4bdc1647-96fc-4168-b672-9b49c0080c2d,3754658b-fde6-4910-b51a-046d6a5fff13,risk_analysis,Analyse borrower B-001,"{""riskScore"":0,""riskLevel"":""LOW"",""confidence"":0.5,""findings"":[{""finding"":""Risk analysis for B-001 — full synthesis in Phase 5"",""evidenceSource"":""stub""}],""recommendations"":[""Phase 5 will implement full APRA-ready recommendations""],""regulatoryRefs"":[],""uncertainties"":[""Full agent pipeline not yet implemented — Phase 3 scaffold""],""apraReady"":false,""note"":""Phase 5 stub""}",claude-sonnet-4-6,400,55,0.0017,0,2026-05-24 03:46:48
4d11ecb4-16b4-4cfc-99e3-635d7af5cc86,5172149c-9310-4da6-b0d8-5dcc99b9cded,risk_analysis,Analyse borrower B-003,"{""riskScore"":58,""riskLevel"":""HIGH"",""confidence"":0.5,""findings"":[{""finding"":""Risk analysis for B-003 — full synthesis in Phase 5"",""evidenceSource"":""stub""}],""recommendations"":[""Phase 5 will implement full APRA-ready recommendations""],""regulatoryRefs"":[],""uncertainties"":[""Full agent pipeline not yet implemented — Phase 3 scaffold""],""apraReady"":false,""note"":""Phase 5 stub""}",claude-sonnet-4-6,400,56,0.0017,0,2026-05-24 03:49:06
5f58a15a-b5a1-42f8-82a0-8e8fe382dfbe,6c4e01e1-1390-4fbd-8ea7-d88ae7ad5afa,risk_analysis,Analyse borrower B-001,"{""riskScore"":59,""riskLevel"":""HIGH"",""confidence"":0.5,""findings"":[{""finding"":""Risk analysis for B-001 — full synthesis in Phase 5"",""evidenceSource"":""stub""}],""recommendations"":[""Phase 5 will implement full APRA-ready recommendations""],""regulatoryRefs"":[],""uncertainties"":[""Full agent pipeline not yet implemented — Phase 3 scaffold""],""apraReady"":false,""note"":""Phase 5 stub""}",claude-sonnet-4-6,400,53,0.0017,0,2026-05-24 03:50:14
3a1bdba7-7911-4209-9a2a-bf5e726f1051,8e9ee68b-8321-4af5-8006-8527beaf2163,risk_analysis,Analyse borrower B-001,"{""riskScore"":59,""riskLevel"":""HIGH"",""confidence"":0.5,""findings"":[{""finding"":""Risk analysis for B-001 — full synthesis in Phase 5"",""evidenceSource"":""stub""}],""recommendations"":[""Phase 5 will implement full APRA-ready recommendations""],""regulatoryRefs"":[],""uncertainties"":[""Full agent pipeline not yet implemented — Phase 3 scaffold""],""apraReady"":false,""note"":""Phase 5 stub""}",claude-sonnet-4-6,400,56,0.0017,0,2026-05-24 03:55:57
39de1c72-851a-4c94-90a6-6fb2d98b7755,35ff98c0-5d27-4124-856c-b288740e1849,risk_analysis,Analyse borrower B-001,"{""riskScore"":59,""riskLevel"":""HIGH"",""confidence"":0.5,""findings"":[{""finding"":""Risk analysis for B-001 — full synthesis in Phase 5"",""evidenceSource"":""stub""}],""recommendations"":[""Phase 5 will implement full APRA-ready recommendations""],""regulatoryRefs"":[],""uncertainties"":[""Full agent pipeline not yet implemented — Phase 3 scaffold""],""apraReady"":false,""note"":""Phase 5 stub""}",claude-sonnet-4-6,400,55,0.0017,0,2026-05-24 03:57:12
5f79233f-5ffc-495d-8caa-e57a6f68ea90,4aa67068-2868-431b-a96d-2df1a749688a,risk_analysis,Analyse borrower 30100001,"{""riskScore"":15,""riskLevel"":""LOW"",""confidence"":0.5,""findings"":[{""finding"":""Risk analysis for 30100001 — full synthesis in Phase 5"",""evidenceSource"":""stub""}],""recommendations"":[""Phase 5 will implement full APRA-ready recommendations""],""regulatoryRefs"":[],""uncertainties"":[""Full agent pipeline not yet implemented — Phase 3 scaffold""],""apraReady"":false,""note"":""Phase 5 stub""}",claude-sonnet-4-6,409,58,0.0017,0,2026-05-24 04:06:55
6573ece8-8826-40ee-b361-5f34babca0ca,8dde6bbd-4385-414f-985a-c55ecf7c68b5,risk_analysis,Analyse borrower 30100003,"{""riskScore"":45,""riskLevel"":""MEDIUM"",""confidence"":0.5,""findings"":[{""finding"":""Risk analysis for 30100003 — full synthesis in Phase 5"",""evidenceSource"":""stub""}],""recommendations"":[""Phase 5 will implement full APRA-ready recommendations""],""regulatoryRefs"":[],""uncertainties"":[""Full agent pipeline not yet implemented — Phase 3 scaffold""],""apraReady"":false,""note"":""Phase 5 stub""}",claude-sonnet-4-6,409,58,0.0017,0,2026-05-24 04:08:33
e28d163c-e3f2-49ea-b548-232275126a29,e0ad3042-3842-4787-8383-60887ebe350e,risk_analysis,Analyse borrower 30100003,"{""riskScore"":70,""riskLevel"":""HIGH"",""confidence"":0.5,""findings"":[{""finding"":""Risk analysis for 30100003 — full synthesis in Phase 5"",""evidenceSource"":""stub""}],""recommendations"":[""Phase 5 will implement full APRA-ready recommendations""],""regulatoryRefs"":[],""uncertainties"":[""Full agent pipeline not yet implemented — Phase 3 scaffold""],""apraReady"":false,""note"":""Phase 5 stub""}",claude-sonnet-4-6,409,58,0.0017,0,2026-05-24 04:10:16
6a8adb7e-624b-4290-83a2-2f0ae6d9167b,1e7c1d4b-42b7-491d-bf36-58b42607faec,risk_analysis,Analyse borrower 30100005,"{""riskScore"":15,""riskLevel"":""LOW"",""confidence"":0.5,""findings"":[{""finding"":""Risk analysis for 30100005 — full synthesis in Phase 5"",""evidenceSource"":""stub""}],""recommendations"":[""Phase 5 will implement full APRA-ready recommendations""],""regulatoryRefs"":[],""uncertainties"":[""Full agent pipeline not yet implemented — Phase 3 scaffold""],""apraReady"":false,""note"":""Phase 5 stub""}",claude-sonnet-4-6,409,58,0.0017,0,2026-05-24 04:10:24
c0241eb6-7a10-4cc2-bebf-5d76b0c35b26,ui-1779668242149,risk_analysis,Analyse all connected party risk for B-4471,"{""riskScore"":62,""riskLevel"":""HIGH"",""confidence"":0.78,""findings"":[{""finding"":""Critical underwriting metric (DTI ratio) missing from customer assessment file"",""evidenceSource"":""Pattern Analysis Agent"",""confidence"":0.85},{""finding"":""No loan repayment history recorded despite active customer account status"",""evidenceSource"":""Pattern Analysis Agent"",""confidence"":0.85},{""finding"":""Absence of collateral documentation creates credit assessment gap"",""evidenceSource"":""Pattern Analysis Agent"",""confidence"":0.8},{""finding"":""AI audit trail incomplete - findings lack specific TRBK table record citations"",""evidenceSource"":""Regulatory Compliance Review"",""confidence"":0.92}],""recommendations"":[""Conduct immediate human underwriting review to gather missing DTI ratio, payment history, and collateral documentation before any credit decision"",""Establish complete audit trail per CPS 230 requirements linking all AI findings to specific source data records with timestamps and reviewer identity"",""Implement mandatory AI governance sign-off at Senior Management level confirming credit assessment transparency, auditability, and human oversight compliance""],""regulatoryRefs"":[""CPS230 - Operational Risk Management (AI audit trail and governance requirements)"",""CPS230 - AI and Automated Decision Systems (explainability and evidence trail mandate)"",""APS221 - Large Exposures (if exposure reaches monitoring thresholds)"",""CPS230"",""APS221""],""uncertainties"":[""Relationship and trajectory agent data absent - connection group exposure status unknown"",""TRBK source system records not specified - audit trail traceability cannot be verified"",""Customer risk profile context incomplete - unable to assess whether missing data is system failure or data quality issue""],""apraReady"":false}",claude-haiku-4-5-20251001,1205,618,0.0107,0,2026-05-25 00:17:53
f95eca4f-b5af-4aac-bb9a-d3fbbf5a7054,ui-1779798974324,risk_analysis,Analyse credit risk for customer 30100006,"{""riskScore"":72,""riskLevel"":""HIGH"",""confidence"":0.78,""findings"":[{""finding"":""DTI ratio 1.50 significantly exceeds APRA prudential limit of 6.00, indicating severe debt serviceability risk"",""standard"":""APS221"",""severity"":""HIGH"",""evidenceSource"":""Pattern Analysis Agent"",""confidence"":0.85},{""finding"":""Annual income AUD 30,000 insufficient to service AUD 45,000 debt obligations; repayment capacity severely constrained"",""standard"":""APS221"",""severity"":""HIGH"",""evidenceSource"":""Pattern Analysis Agent"",""confidence"":0.85},{""finding"":""Payment records reference loan SYN-L-002 and account SYN-CA-002 not registered in customer master file; data integrity concern"",""standard"":""CPS230"",""severity"":""HIGH"",""evidenceSource"":""Pattern Analysis Agent"",""confidence"":0.82},{""finding"":""Active loan L-007 absent from recent payment records despite registration; loan account reconciliation required"",""standard"":""CPS230"",""severity"":""MEDIUM"",""evidenceSource"":""Pattern Analysis Agent"",""confidence"":0.78}],""recommendations"":[""Escalate to Risk Committee within 5 business days per APS 221 tiered monitoring framework; assess large exposure threshold status"",""Conduct immediate data reconciliation between core banking system and payment records; verify loan accounts L-007, SYN-L-002 and account mappings"",""Engage customer for comprehensive debt serviceability review; consider restructure or enforcement action given AUD 30,000 annual income against AUD 45,000 exposure""],""regulatoryRefs"":[""APS221"",""CPS230""],""uncertainties"":[""Connected group exposure aggregate unknown; cannot confirm APS 221 75% or 90% threshold breach without consolidated exposure data"",""Payment timing and frequency unspecified; DTI calculation basis and contractual payment schedule not evidenced"",""Account SYN-CA-002 and loan SYN-L-002 source system origin unconfirmed; may indicate data migration, alias, or core system error""],""apraReady"":false}",claude-haiku-4-5-20251001,1003,626,0.0016,31978,2026-05-26 12:36:46
670a63bd-861c-4b42-8cb0-212887e1afd6,ui-1779800263469,risk_analysis,Analyse credit risk for borrower 30100003,"{""riskScore"":92,""riskLevel"":""CRITICAL"",""confidence"":0.88,""findings"":[{""finding"":""Connected group exposure at 129.1% of APS221 large exposure limit constitutes material breach requiring immediate Board notification and APRA escalation within 3 business days."",""standard"":""APS221"",""severity"":""HIGH"",""evidenceSource"":""relationship analysis"",""confidence"":0.95},{""finding"":""Borrower DTI ratio 7.2% exceeds APRA February 2026 limit of 6.0%; breach identified but reporting status to APRA unclear, potential compliance deficiency."",""standard"":""DTI_NOTICE"",""severity"":""HIGH"",""evidenceSource"":""pattern analysis"",""confidence"":0.9},{""finding"":""AUD 2.1M business loan carries zero collateral backing with missing sector code and income verification data; unmitigated credit risk with deteriorating trajectory."",""standard"":""APS221"",""severity"":""HIGH"",""evidenceSource"":""pattern analysis"",""confidence"":0.85},{""finding"":""No recent payments recorded on active business loan since August 2025 despite high DTI ratio; payment performance deterioration signals elevated default risk."",""standard"":""APS221"",""severity"":""MEDIUM"",""evidenceSource"":""pattern analysis"",""confidence"":0.8}],""recommendations"":[""Immediately notify APRA of APS221 breach (129.1% exposure) within 5 business days with connected group details, remediation plan, and Board acknowledgment documentation."",""Report DTI breach (7.2% ratio) to APRA via ARF 223 form within 5 business days with affected borrower count, loan value, and proposed remediation timeline aligned to February 2026 activation."",""Implement urgent loan remediation: secure collateral backing, verify income sustainability and expiry date, obtain sector classification, and establish repayment plan to address payment delinquency.""],""regulatoryRefs"":[""APS221"",""DTI_NOTICE"",""DTI_LIMIT_FEB2026""],""uncertainties"":[""DTI breach reporting status to APRA unknown; unclear if ARF 223 notification already submitted or outstanding."",""Income source validity and expiry date missing; unable to confirm borrower capacity to service debt or income sustainability horizon."",""Connected group structure and relationship nodes require validation; 7 nodes and edges may indicate complex structure with additional counterparty exposure not fully mapped.""],""apraReady"":false}",claude-haiku-4-5-20251001,1097,679,0.0017,21129,2026-05-26 12:59:11
0e8174d3-8fb7-4456-b40f-01626bf89f57,ui-1779800485351,risk_analysis,What is the connected party exposure for 30910005,"{""riskScore"":35,""riskLevel"":""MEDIUM"",""confidence"":0.72,""findings"":[{""finding"":""Missing debt-to-income ratio prevents assessment of debt service capacity"",""standard"":""APS221"",""severity"":""HIGH"",""evidenceSource"":""Pattern Analysis Agent"",""confidence"":0.85},{""finding"":""No loans on record for established customer indicates unusual account profile"",""standard"":""CPS230"",""severity"":""MEDIUM"",""evidenceSource"":""Pattern Analysis Agent"",""confidence"":0.85},{""finding"":""Zero collateral significantly limits borrowing capacity and risk mitigation"",""standard"":""APS221"",""severity"":""MEDIUM"",""evidenceSource"":""Pattern Analysis Agent"",""confidence"":0.85},{""finding"":""No recent payment activity recorded - account status and engagement unclear"",""standard"":""CPS230"",""severity"":""MEDIUM"",""evidenceSource"":""Pattern Analysis Agent"",""confidence"":0.85}],""recommendations"":[""Obtain and validate complete DTI ratio documentation before any material credit decision"",""Conduct enhanced customer verification to confirm account legitimacy and establish payment history"",""Implement mandatory collateral assessment and document security position prior to credit advancement""],""regulatoryRefs"":[""APS221"",""CPS230""],""uncertainties"":[""Account history completeness - unable to determine if data gaps reflect system gaps or genuine account inactivity"",""Customer relationship longevity - established status claimed but no corroborating transaction or loan records"",""Current financial position - absence of recent activity prevents income and employment verification""],""apraReady"":false}",claude-haiku-4-5-20251001,945,482,0.0013,21528,2026-05-26 13:01:46
08beadc4-2eb5-46d4-8d55-d4e4fa3d4d80,ui-1779801108030,risk_analysis,Analyse credit risk for borrower 30100003,"{""riskScore"":92,""riskLevel"":""CRITICAL"",""confidence"":0.88,""findings"":[{""finding"":""Connected group exposure 129.07% of APS221 limit; immediate Board notification overdue"",""standard"":""APS221"",""severity"":""HIGH"",""evidenceSource"":""relationship analysis"",""confidence"":0.95},{""finding"":""DTI ratio 7.20% exceeds 6.00% APRA limit; breach reporting obligation triggered"",""standard"":""DTI_NOTICE"",""severity"":""HIGH"",""evidenceSource"":""pattern detection"",""confidence"":0.92},{""finding"":""AUD 2.1M unsecured business loan with zero collateral and deteriorating forward position"",""standard"":""APS221"",""severity"":""HIGH"",""evidenceSource"":""pattern detection"",""confidence"":0.85},{""finding"":""No payment history since August 2025 loan origination; income verification null and unverifiable"",""standard"":""CPS230"",""severity"":""HIGH"",""evidenceSource"":""pattern detection"",""confidence"":0.82}],""recommendations"":[""Notify APRA within 5 business days of DTI breach identification per DTI_LIMIT_FEB2026 requirements; submit ARF 223 with borrower count and aggregate loan value"",""Escalate to Board immediately for APS221 breach at 129% threshold; prepare remediation plan within 15 business days including exposure reduction and timeline"",""Conduct urgent income verification and collateral assessment; place loan account under enhanced monitoring and consider enforcement action if payment default continues""],""regulatoryRefs"":[""APS221"",""CPS230"",""DTI_NOTICE"",""DTI_LIMIT_FEB2026""],""uncertainties"":[""Income source and expiry dates missing; cannot validate income sustainability or borrowing capacity recalculation"",""Future DTI trajectory unknown; refinance or income improvement intentions not documented"",""Connected group composition and exposure distribution across 7 nodes requires detailed counterparty mapping verification""],""apraReady"":false}",claude-haiku-4-5-20251001,1085,583,0.0016,15009,2026-05-26 13:12:53
ab4eba89-553e-4508-80ea-d655024702db,ui-1779801304643,risk_analysis,What is the connected party exposure for 30910005,"{""riskScore"":42,""riskLevel"":""MEDIUM"",""confidence"":0.68,""findings"":[{""finding"":""Missing DTI ratio prevents assessment of debt burden and repayment capacity"",""standard"":""APS221"",""severity"":""HIGH"",""evidenceSource"":""PatternAgent"",""confidence"":0.85},{""finding"":""No loan history recorded for established customer profile - unusual pattern"",""standard"":""CPS230"",""severity"":""MEDIUM"",""evidenceSource"":""PatternAgent"",""confidence"":0.85},{""finding"":""Zero collateral despite apparent credit profile indicates potential undisclosed risk"",""standard"":""APS221"",""severity"":""MEDIUM"",""evidenceSource"":""PatternAgent"",""confidence"":0.85},{""finding"":""No recent payment activity prevents verification of payment behavior reliability"",""standard"":""CPS230"",""severity"":""MEDIUM"",""evidenceSource"":""PatternAgent"",""confidence"":0.85}],""recommendations"":[""Request complete DTI documentation and debt schedule from customer before credit decision"",""Conduct manual review of loan history records and verify customer establishment timeline"",""Escalate to Risk Committee for assessment against APS221 large exposure thresholds if exposure material""],""regulatoryRefs"":[""CPS230"",""APS221""],""uncertainties"":[""Customer credit profile authenticity and establishment date not confirmed"",""Reason for missing DTI and collateral data - system gap or customer non-disclosure unknown"",""Relationship and trajectory data unavailable - incomplete customer assessment profile""],""apraReady"":false}",claude-haiku-4-5-20251001,955,477,0.0013,20422,2026-05-26 13:15:25
dc3b4119-a732-4f5a-a937-f0cf7b5bdf9e,ui-1779801753937,risk_analysis,Analyse credit risk for borrower 30100003,"{""riskScore"":92,""riskLevel"":""CRITICAL"",""confidence"":0.88,""findings"":[{""finding"":""Connected group exposure 129.07% of APS 221 limit - material breach requiring immediate Board notification"",""standard"":""APS221"",""severity"":""HIGH"",""evidenceSource"":""relationship_analysis"",""confidence"":0.95},{""finding"":""DTI ratio 7.20% exceeds APRA 6.00% limit - regulatory breach with unreported status"",""standard"":""DTI_NOTICE"",""severity"":""HIGH"",""evidenceSource"":""pattern_detection"",""confidence"":0.92},{""finding"":""AUD 2.1M business loan unsecured with zero collateral backing - elevated credit risk"",""standard"":""APS221"",""severity"":""HIGH"",""evidenceSource"":""pattern_detection"",""confidence"":0.85},{""finding"":""No payment activity recorded on active loan - potential forbearance or default indicator"",""standard"":""APS221"",""severity"":""MEDIUM"",""evidenceSource"":""trajectory_analysis"",""confidence"":0.78}],""recommendations"":[""Notify APRA of connected group breach (129.07%) and DTI breach (7.20%) within 5 business days; escalate to Board immediately per APS 221 requirements"",""Initiate emergency remediation plan addressing large exposure excess and DTI ratio reduction; establish 15-day timeline for submission to APRA"",""Conduct immediate credit review of AUD 2.1M unsecured loan; assess collateralisation requirements and payment default risk given zero recent activity""],""regulatoryRefs"":[""APS221"",""DTI_NOTICE"",""DTI_LIMIT_FEB2026""],""uncertainties"":[""Missing business loan sector classification prevents full regulatory capital adequacy assessment"",""Unknown income expiry date and source documentation status creates income verification gaps"",""Forward DTI trajectory unknown due to missing future income/liability projections""],""apraReady"":false}",claude-haiku-4-5-20251001,1095,569,0.0015,19489,2026-05-26 13:33:04
1b88e62b-f317-4289-8686-c9b7a066a16c,ui-1779803239351,risk_analysis,Analyse credit risk for borrower 30100003,"{""riskScore"":92,""riskLevel"":""CRITICAL"",""confidence"":0.88,""findings"":[{""finding"":""APS 221 breach: Group exposure 129.1% of large exposure limit requires immediate APRA notification"",""standard"":""APS221"",""severity"":""HIGH"",""evidenceSource"":""Agent pattern analysis"",""confidence"":0.92},{""finding"":""DTI ratio 7.20% exceeds APRA 6.00% limit as of February 2026 activation date"",""standard"":""DTI_NOTICE"",""severity"":""HIGH"",""evidenceSource"":""Agent pattern analysis"",""confidence"":0.9},{""finding"":""AUD 2.1M business loan entirely unsecured with zero collateral backing and unverified income source"",""standard"":""APS221"",""severity"":""HIGH"",""evidenceSource"":""Agent pattern analysis"",""confidence"":0.85},{""finding"":""No recent payments recorded on active loan since August 2025 with deteriorating forward position"",""standard"":""CPS230"",""severity"":""HIGH"",""evidenceSource"":""Agent trajectory analysis"",""confidence"":0.82}],""recommendations"":[""Notify APRA within 5 business days of APS 221 breach (129.1% exposure) with connected group details, remediation plan, and board resolution"",""Report DTI breach to APRA via ARF 223 form within 5 business days with affected borrower count, loan values, and remediation timeline"",""Escalate to Board immediately for emergency review and implement exposure reduction strategy through loan restructure, additional security, or partial divestiture""],""regulatoryRefs"":[""APS221"",""DTI_NOTICE"",""CPS230"",""DTI_LIMIT_FEB2026""],""uncertainties"":[""Future DTI trajectory unknown - unable to assess remediation feasibility without updated income verification"",""Days to contractual breach expiry not provided - timeline for mandatory remediation completion unclear"",""Connected group composition and counterparty relationships incomplete - full APS 221 notification scope cannot be finalised""],""apraReady"":false}",claude-haiku-4-5-20251001,1092,597,0.0016,16670,2026-05-26 13:48:14
6c4db557-df7d-44c7-91a8-5fdfb5b2ce63,ui-1779803904991,risk_analysis,Analyse credit risk for customer 30100001,"{""riskScore"":78,""riskLevel"":""CRITICAL"",""confidence"":0.92,""findings"":[{""finding"":""Connected group exposure 129.07% of APS221 limit—material breach requiring immediate APRA notification."",""standard"":""APS221"",""severity"":""HIGH"",""evidenceSource"":""Agent relationship analysis"",""confidence"":0.95},{""finding"":""Overdue loan payments 81 and 50 days with OPEN status indicates credit deterioration and repayment stress."",""standard"":""APS221"",""severity"":""HIGH"",""evidenceSource"":""Agent pattern analysis"",""confidence"":0.88},{""finding"":""DTI ratio 5.80% at 96.7% of APRA 6.00% limit; zero collateral against AUD 2.83M debt exposure."",""standard"":""CPS230"",""severity"":""HIGH"",""evidenceSource"":""Agent pattern analysis"",""confidence"":0.9},{""finding"":""AUD 490K annual income undocumented; expiry date absent. Term deposit AUD 250K misclassified as loan."",""standard"":""CPS230"",""severity"":""MEDIUM"",""evidenceSource"":""Agent pattern analysis"",""confidence"":0.85}],""recommendations"":[""Notify APRA within 5 business days of APS221 breach (129.07% group exposure limit); submit written explanation and 15-day remediation plan."",""Escalate to ADI Board immediately; review connected group composition (7 nodes, 8 edges), assess single counterparty exposure, and implement emergency deleveraging strategy."",""Audit income documentation, validate term deposit classification, investigate off-balance-sheet exposures flagged by statistical anomalies, and enforce collateral coverage requirements.""],""regulatoryRefs"":[""APS221 Large Exposures—Breach Reporting and Remediation"",""APS221 Large Exposures—Monitoring Thresholds and Board Notification"",""APS221 Large Exposures—Single and Group Limits"",""CPS230 Capital Adequacy"",""APS221""],""uncertainties"":[""Off-balance-sheet exposure nature and magnitude unconfirmed; 5 anomalies detected but no regulatory breach formally recorded in systems."",""Forward trajectory (futureDti, timeToBreach) unavailable; unable to model breach acceleration or remediation feasibility."",""Income source validity and term deposit reclassification impact on true DTI and collateral coverage ratio unknown.""],""apraReady"":false}",claude-haiku-4-5-20251001,1074,698,0.0018,18415,2026-05-26 13:59:17
dc497c0f-e3ff-4e71-87a8-a513ab6f6bde,ui-1779804342832,risk_analysis,Analyse credit risk for customer 30100001,"{""riskScore"":78,""riskLevel"":""CRITICAL"",""confidence"":0.92,""findings"":[{""finding"":""Connected group exposure 129.1% of APS221 limit—material breach requiring immediate APRA notification"",""standard"":""APS221"",""severity"":""HIGH"",""evidenceSource"":""pattern_analysis"",""confidence"":0.95},{""finding"":""DTI ratio 5.80 exceeds APRA prudential threshold of 6.00 with minimal 0.20 buffer capacity"",""standard"":""CPS230"",""severity"":""HIGH"",""evidenceSource"":""trajectory_analysis"",""confidence"":0.88},{""finding"":""Multiple loans 50-81 days overdue with zero collateral recorded against AUD 2.83M debt exposure"",""standard"":""APS221"",""severity"":""HIGH"",""evidenceSource"":""pattern_analysis"",""confidence"":0.9},{""finding"":""Term deposit classified as debt obligation—accounting anomaly suggests off-balance-sheet exposure masking true leverage"",""standard"":""APS221"",""severity"":""MEDIUM"",""evidenceSource"":""pattern_analysis"",""confidence"":0.83}],""recommendations"":[""Notify APRA within 5 business days of APS221 breach identification (129.1% group exposure). Submit remediation plan within 15 days with deleveraging timeline and collateral enhancement strategy."",""Escalate to Board immediately for emergency review per APS221 90%+ threshold protocol. Initiate connected group audit to verify all 7 nodes and collateral linkages."",""Conduct urgent DTI remediation assessment—customer at critical threshold. Evaluate loan restructuring, early repayment incentives, and payment default cure program to restore compliance buffer.""],""regulatoryRefs"":[""APS221 Large Exposures—Breach Reporting and Remediation"",""APS221 Large Exposures—Monitoring Thresholds and Board Notification"",""APS221 Large Exposures—Single and Group Limits"",""CPS230 Prudential Policy Statement—Debt-to-Income Thresholds"",""APS221""],""uncertainties"":[""Term deposit classification and off-balance-sheet exposure structure unclear—full collateral audit required to confirm true group leverage position"",""Future DTI trajectory data absent—forward projection needed to assess breach risk timeline and remediation feasibility"",""Relationship group composition (7 nodes, 8 edges) not validated—independent verification of connected group definition required for APS221 compliance""],""apraReady"":false}",claude-haiku-4-5-20251001,1056,700,0.0018,17944,2026-05-26 14:06:43
ba8024b9-0a55-40c1-b892-a71c87a99587,ui-1779804420025,risk_analysis,Analyse connected party risk for customer 30100003,"{""riskScore"":92,""riskLevel"":""CRITICAL"",""confidence"":0.87,""findings"":[{""finding"":""Connected group exposure 129.07% of APS221 limit triggers mandatory Board notification within 3 business days"",""standard"":""APS221"",""severity"":""HIGH"",""evidenceSource"":""relationship analysis"",""confidence"":0.95},{""finding"":""Customer DTI ratio 7.20% exceeds APRA 6.00% limit; February 2026 activation requires APRA notification within 5 days"",""standard"":""DTI_NOTICE"",""severity"":""HIGH"",""evidenceSource"":""pattern analysis"",""confidence"":0.92},{""finding"":""AUD 2.1M business loan unsecured with zero collateral and sector code null indicating incomplete loan documentation"",""standard"":""APS221"",""severity"":""HIGH"",""evidenceSource"":""pattern analysis"",""confidence"":0.88},{""finding"":""No recent payments on active loan since August 2025 with deteriorating forward DTI position indicates credit deterioration risk"",""standard"":""APS221"",""severity"":""MEDIUM"",""evidenceSource"":""trajectory analysis"",""confidence"":0.85}],""recommendations"":[""Immediately notify APRA of APS221 breach (129.07% of limit) and DTI breach (7.20% vs 6.00% limit) within 5 business days per regulatory requirements"",""Escalate to Board and Risk Committee within 3 business days with remediation plan addressing connected group exposure reduction and collateral securitisation of AUD 2.1M loan"",""Conduct comprehensive loan file review to obtain missing income source documentation, loan expiry details, and sector classification to complete DTI calculation and APS221 assessment""],""regulatoryRefs"":[""APS221 - Large Exposures Breach Reporting (100%+ threshold)"",""APS221 - Connected Group Monitoring (90% threshold Board notification)"",""DTI_LIMIT_FEB2026 - APRA Notification Requirements"",""APS221"",""DTI_LIMIT_FEB2026""],""uncertainties"":[""Future DTI trajectory unknown due to missing income source expiry and renewal dates"",""Exact connected group composition and total group debt obligations unclear from 7-node network"",""Collateral valuation and loan documentation completeness status requires audit verification""],""apraReady"":false}",claude-haiku-4-5-20251001,1083,657,0.0017,17176,2026-05-26 14:08:12
20364924-e7f6-406e-9af7-dc0e69c8281d,ui-1779856919825,risk_analysis,Analyse credit risk for customer 30100001,"{""riskScore"":50,""riskLevel"":""MEDIUM"",""confidence"":0.5,""findings"":[{""finding"":""Risk analysis for 30100001 completed via pattern agent"",""evidenceSource"":""pattern-agent"",""confidence"":1}],""recommendations"":[""Escalate to senior credit officer for manual review""],""regulatoryRefs"":[""DTI_LIMIT_FEB2026"",""APS221""],""uncertainties"":[""LLM synthesis response malformed — manual review required"",""CPS 230 guardrail: low claim-source overlap (0%) — findings warrant manual review""],""apraReady"":false}",claude-haiku-4-5-20251001,2372,700,0.0023,78750,2026-05-27 04:43:19
7b616f4a-12de-485c-a635-83e2820cc36a,ui-1779857341972,risk_analysis,Analyse credit risk for customer 30100001,"{""riskScore"":50,""riskLevel"":""MEDIUM"",""confidence"":0.5,""findings"":[{""finding"":""Risk analysis for 30100001 completed via pattern agent"",""evidenceSource"":""pattern-agent"",""confidence"":1}],""recommendations"":[""Escalate to senior credit officer for manual review""],""regulatoryRefs"":[""APS221""],""uncertainties"":[""LLM synthesis response malformed — manual review required"",""CPS 230 guardrail: low claim-source overlap (0%) — findings warrant manual review""],""apraReady"":false}",claude-haiku-4-5-20251001,2279,700,0.0022,38373,2026-05-27 04:49:40
f8450aaf-ef49-402f-aa94-3daef8cb7844,ui-1779857439561,risk_analysis,Analyse credit risk for customer 30100001,"{""riskScore"":50,""riskLevel"":""MEDIUM"",""confidence"":0.5,""findings"":[{""finding"":""Risk analysis for 30100001 completed via pattern agent"",""evidenceSource"":""pattern-agent"",""confidence"":1}],""recommendations"":[""Escalate to senior credit officer for manual review""],""regulatoryRefs"":[""DTI_NOTICE"",""APS221""],""uncertainties"":[""LLM synthesis response malformed — manual review required"",""CPS 230 guardrail: low claim-source overlap (0%) — findings warrant manual review""],""apraReady"":false}",claude-haiku-4-5-20251001,2590,700,0.0024,33785,2026-05-27 04:51:13